Segment,Year,Profit
Consumer,2012.0,165799.19094
Corporate,2012.0,90556.69991999998
Home Office,2012.0,51059.38823999999
