Segment,Year,Profit
Consumer,2014.0,257675.36307999998
Corporate,2014.0,140196.75392000002
Home Office,2014.0,106293.85346
